1,Lindsey,Hubbock,lhubbock0@google.com,Female,162.244.170.221
2,Freemon,Hayford,fhayford1@mapquest.com,Male,81.45.186.14
3,Charissa,Rohmer,crohmer2@biglobe.ne.jp,Female,239.120.144.2
4,Ardyth,Nother,another3@nationalgeographic.com,Female,219.252.211.150
5,Mattheus,Malek,mmalek4@i2i.jp,Male,142.113.7.182
6,Mattheus,Bugler,mbugler5@loc.gov,Male,49.189.41.175
7,Gary,Piotrowski,gpiotrowski6@noaa.gov,Male,73.200.65.53
8,Brittney,Micklewicz,bmicklewicz7@zimbio.com,Female,207.183.57.56
9,Giffer,Baxter,gbaxter8@yolasite.com,Male,184.129.248.4
10,Feodora,McQuilliam,fmcquilliam9@indiatimes.com,Female,156.178.43.145
11,Kaycee,Cardenas,kcardenasa@dedecms.com,Female,99.87.148.175
12,Dorris,Murkus,dmurkusb@xing.com,Female,193.241.41.133
13,Sunny,Thorouggood,sthorouggoodc@miitbeian.gov.cn,Male,71.147.10.41
14,Aurelia,Hoyt,ahoytd@squarespace.com,Female,205.143.234.136
15,Kalie,Midlane,kmidlanee@mit.edu,Female,221.142.59.197
16,Xerxes,Neggrini,xneggrinif@paypal.com,Male,23.28.27.65
17,Penny,Malkinson,pmalkinsong@princeton.edu,Female,83.216.153.209
18,Polly,MacVay,pmacvayh@unc.edu,Female,96.89.34.65
19,Nevsa,Nys,nnysi@icio.us,Female,102.255.214.97
20,Horatia,Dunston,hdunstonj@behance.net,Female,178.209.142.229
21,Farrel,Hulett,fhulettk@statcounter.com,Male,24.86.229.102
22,Emanuel,Piatto,epiattol@cbslocal.com,Male,249.159.224.125
23,Miller,Legerwood,mlegerwoodm@bluehost.com,Male,17.105.143.199
24,Drusilla,Senecaut,dsenecautn@ow.ly,Female,90.104.104.211
25,Stanislas,Cordell,scordello@answers.com,Male,158.243.243.238
26,Anallese,Banaszczyk,abanaszczykp@archive.org,Female,5.144.1.88
27,Jessey,Gricks,jgricksq@shutterfly.com,Male,166.109.235.174
28,Mariette,Hincham,mhinchamr@cdbaby.com,Female,247.109.62.231
29,Leda,Petrussi,lpetrussis@flickr.com,Female,19.47.12.171
30,Brit,Pimlett,bpimlettt@google.es,Male,208.65.220.55
31,Frannie,Dooland,fdoolandu@hatena.ne.jp,Male,164.128.242.95
32,Jacky,Jerrard,jjerrardv@pcworld.com,Male,6.231.151.170
33,Crin,Duke,cdukew@feedburner.com,Female,188.239.146.60
34,Wolfy,Gyorgy,wgyorgyx@plala.or.jp,Male,208.79.112.93
35,Dylan,Goldis,dgoldisy@state.tx.us,Male,3.151.193.70
36,Karlens,Dumberell,kdumberellz@aol.com,Male,190.7.142.57
37,Nobe,Bangley,nbangley10@fema.gov,Male,129.120.23.246
38,Stanfield,Garrand,sgarrand11@princeton.edu,Male,49.15.205.111
39,Sean,Challace,schallace12@moonfruit.com,Female,97.79.39.42
40,Nevil,Berkelay,nberkelay13@pen.io,Male,124.121.200.40
41,Aurthur,Rown,arown14@shutterfly.com,Male,212.19.35.60
42,Winna,Pennings,wpennings15@stanford.edu,Female,105.75.117.134
43,Shannen,McMyler,smcmyler16@google.es,Female,115.45.114.71
44,Cecilio,Hentzer,chentzer17@scribd.com,Male,95.198.192.130
45,Bill,Titherington,btitherington18@eepurl.com,Female,18.180.166.6
46,Cullan,Dawtrey,cdawtrey19@opera.com,Male,60.116.215.114
47,Codie,Loan,cloan1a@ucoz.com,Female,128.169.85.225
48,Geri,Midson,gmidson1b@quantcast.com,Male,252.25.16.225
49,Patton,Henrot,phenrot1c@hp.com,Male,43.181.116.244
50,Arda,Carbry,acarbry1d@eventbrite.com,Female,211.0.134.95
51,Herold,Kitcat,hkitcat1e@marketwatch.com,Male,132.43.213.220
52,Drucill,Rollitt,drollitt1f@jalbum.net,Female,26.55.155.227
53,Padraic,Andrag,pandrag1g@dell.com,Male,14.30.47.81
54,Elfie,Legerton,elegerton1h@domainmarket.com,Female,186.232.39.158
55,Elyssa,O'Sheerin,eosheerin1i@netscape.com,Female,239.155.165.145
56,Janene,Masse,jmasse1j@whitehouse.gov,Female,16.0.239.154
57,Moreen,Phillput,mphillput1k@accuweather.com,Female,134.89.110.39
58,Erhart,Jerrold,ejerrold1l@blinklist.com,Male,188.37.83.124
59,Sandro,O'Breen,sobreen1m@army.mil,Male,33.50.253.175
60,Nicolette,Vickarman,nvickarman1n@facebook.com,Female,176.235.118.84
61,Phyllida,Pilsbury,ppilsbury1o@hp.com,Female,172.158.151.14
62,Valry,Ranscome,vranscome1p@earthlink.net,Female,202.142.207.135
63,Amandi,Ledwich,aledwich1q@nydailynews.com,Female,120.175.33.147
64,Dewie,Dykes,ddykes1r@51.la,Male,187.96.238.33
65,Florinda,Cowdery,fcowdery1s@blogspot.com,Female,224.118.98.127
66,Ulysses,Ashley,uashley1t@skyrock.com,Male,145.192.137.252
67,Mannie,Durman,mdurman1u@yahoo.co.jp,Male,34.86.82.167
68,Candie,Siggers,csiggers1v@discuz.net,Female,74.153.70.247
69,Valma,Bruhnke,vbruhnke1w@sciencedirect.com,Female,88.88.77.41
70,Hewe,Tice,htice1x@mozilla.com,Male,187.122.0.1
71,Olga,Condy,ocondy1y@va.gov,Female,46.103.65.155
72,Dacey,Chedgey,dchedgey1z@bbc.co.uk,Female,167.12.175.176
73,Chadwick,Lowthorpe,clowthorpe20@hibu.com,Male,156.237.177.216
74,Beulah,Ruggs,bruggs21@geocities.jp,Female,34.208.5.4
75,Brendin,Bellee,bbellee22@jalbum.net,Male,232.34.184.165
76,Alejandra,Sprionghall,asprionghall23@npr.org,Female,46.36.119.193
77,Ariadne,Gailor,agailor24@deliciousdays.com,Female,88.233.48.184
78,Marabel,Shillitoe,mshillitoe25@kickstarter.com,Female,244.85.153.69
79,Heath,Collyns,hcollyns26@usnews.com,Female,239.193.135.212
80,Edithe,Plenderleith,eplenderleith27@ed.gov,Female,150.56.48.83
81,Beltran,Crust,bcrust28@discuz.net,Male,199.203.113.70
82,Caty,Franzetti,cfranzetti29@psu.edu,Female,254.87.150.4
83,Lotty,Antecki,lantecki2a@dedecms.com,Female,4.144.63.119
84,Packston,Castelijn,pcastelijn2b@clickbank.net,Male,37.0.130.50
85,Evangelina,Humphrys,ehumphrys2c@twitpic.com,Female,47.170.117.81
86,Eloise,Makeswell,emakeswell2d@ovh.net,Female,145.39.174.38
87,Kurt,Meconi,kmeconi2e@360.cn,Male,166.19.12.110
88,Nikos,Ubsdell,nubsdell2f@theatlantic.com,Male,51.65.2.79
89,Chris,Pigdon,cpigdon2g@bbc.co.uk,Female,60.38.86.103
90,Edlin,Fretwell,efretwell2h@godaddy.com,Male,147.239.207.223
91,Horatius,Fynes,hfynes2i@cpanel.net,Male,206.1.141.183
92,Gearalt,McNae,gmcnae2j@over-blog.com,Male,72.224.127.142
93,Ondrea,Blesdill,oblesdill2k@businessweek.com,Female,142.94.193.19
94,Gussie,Copcutt,gcopcutt2l@blog.com,Female,81.87.226.30
95,Doretta,Drewery,ddrewery2m@tinypic.com,Female,16.55.248.177
96,Irvine,Vickerstaff,ivickerstaff2n@addthis.com,Male,28.14.232.19
97,Dolli,Espley,despley2o@constantcontact.com,Female,58.69.82.62
98,Artus,Craigs,acraigs2p@blogs.com,Male,160.168.151.14
99,Hilliard,Malthus,hmalthus2q@google.ru,Male,220.234.216.248
100,Libbie,D'Antuoni,ldantuoni2r@fc2.com,Female,36.120.43.231
101,Gus,McIsaac,gmcisaac2s@lulu.com,Male,107.193.3.238
102,Esdras,Musslewhite,emusslewhite2t@nyu.edu,Male,137.133.194.60
103,Emmeline,Gaynesford,egaynesford2u@microsoft.com,Female,159.201.100.254
104,Jennica,Button,jbutton2v@icq.com,Female,161.6.100.145
105,Jodi,Gioani,jgioani2w@360.cn,Female,216.65.11.6
106,Shanna,Segeswoeth,ssegeswoeth2x@umn.edu,Female,149.247.97.99
107,Gabriellia,Petrazzi,gpetrazzi2y@amazon.co.jp,Female,193.155.101.84
108,Ximenez,Wyeld,xwyeld2z@mtv.com,Male,157.27.68.4
109,Rheba,Coxhead,rcoxhead30@stumbleupon.com,Female,229.236.99.9
110,Yule,Spilisy,yspilisy31@bandcamp.com,Male,89.207.169.170
111,Constanta,Christene,cchristene32@goo.ne.jp,Female,2.212.116.88
112,Libbi,Richen,lrichen33@examiner.com,Female,115.122.40.111
113,Felicdad,Richfield,frichfield34@prweb.com,Female,42.248.66.54
114,Alvis,Fearnsides,afearnsides35@economist.com,Male,215.157.234.21
115,Mendie,Padefield,mpadefield36@pinterest.com,Male,24.34.23.203
116,Stern,Sor,ssor37@friendfeed.com,Male,44.12.45.50
117,Martyn,Jaszczak,mjaszczak38@qq.com,Male,226.200.222.152
118,Edita,Dunnan,edunnan39@desdev.cn,Female,103.72.192.12
119,Isidor,Ivatt,iivatt3a@deviantart.com,Male,193.223.181.226
120,Lorelle,Riping,lriping3b@xinhuanet.com,Female,223.60.255.187
121,Had,Millis,hmillis3c@tumblr.com,Male,0.46.37.226
122,Pierrette,Kittow,pkittow3d@ovh.net,Female,230.15.58.228
123,Jessey,Rudsdell,jrudsdell3e@netlog.com,Male,69.197.32.149
124,Smitty,Mailey,smailey3f@mediafire.com,Male,25.209.42.251
125,Jessalyn,Hollingby,jhollingby3g@apache.org,Female,136.55.169.9
126,Andee,Maxfield,amaxfield3h@quantcast.com,Female,24.27.111.133
127,Jorrie,Callendar,jcallendar3i@answers.com,Female,75.25.27.137
128,Fey,Milner,fmilner3j@mapquest.com,Female,245.181.57.176
129,Erina,Trase,etrase3k@hp.com,Female,142.189.206.14
130,Gwenette,Kalb,gkalb3l@vistaprint.com,Female,11.47.110.97
131,Sayers,Vanelli,svanelli3m@google.nl,Male,206.222.151.48
132,Hartwell,Linfield,hlinfield3n@scientificamerican.com,Male,101.81.251.188
133,Hussein,Royden,hroyden3o@mit.edu,Male,103.249.165.146
134,Helge,Chamberlin,hchamberlin3p@amazon.de,Female,218.217.140.224
135,Neysa,Attwool,nattwool3q@g.co,Female,121.8.217.140
136,Franz,Wattisham,fwattisham3r@whitehouse.gov,Male,227.66.11.126
137,Rhona,Rowes,rrowes3s@washingtonpost.com,Female,106.169.184.233
138,Jessalyn,Leving,jleving3t@google.com.hk,Female,21.123.222.236
139,Danika,Goshawk,dgoshawk3u@imageshack.us,Female,216.158.54.4
140,Lefty,Osorio,losorio3v@cdc.gov,Male,132.8.130.36
141,Ludwig,Harrismith,lharrismith3w@creativecommons.org,Male,128.27.65.122
142,Justino,Bosden,jbosden3x@jalbum.net,Male,158.35.229.163
143,Emelita,Griffitt,egriffitt3y@wikispaces.com,Female,56.251.66.192
144,Betsey,Bedells,bbedells3z@taobao.com,Female,119.96.182.250
145,Byrann,Habgood,bhabgood40@psu.edu,Male,109.156.76.34
146,Hadleigh,Chern,hchern41@google.com.au,Male,4.188.129.219
147,Katerina,Leith,kleith42@nydailynews.com,Female,220.58.209.149
148,Clywd,Splevings,csplevings43@harvard.edu,Male,45.205.125.94
149,Antonina,Rasor,arasor44@t-online.de,Female,97.220.4.13
150,Caralie,Booton,cbooton45@a8.net,Female,144.141.242.116
151,Terrell,Pirdue,tpirdue46@ask.com,Male,137.38.18.164
152,Town,Lanchbery,tlanchbery47@unblog.fr,Male,161.102.105.224
153,Shawnee,Pavlitschek,spavlitschek48@tuttocitta.it,Female,48.254.136.250
154,Germaine,Yurygyn,gyurygyn49@desdev.cn,Female,70.173.153.203
155,Blanch,Erdes,berdes4a@house.gov,Female,90.232.182.51
156,Esra,Eatherton,eeatherton4b@theglobeandmail.com,Male,170.36.150.57
157,Luz,Wegman,lwegman4c@home.pl,Female,154.235.202.232
158,Tracie,Kesteven,tkesteven4d@auda.org.au,Male,77.197.177.76
159,Cleavland,Truin,ctruin4e@behance.net,Male,22.18.42.218
160,Blondelle,Rodenburg,brodenburg4f@intel.com,Female,182.198.144.237
161,Cole,Nasi,cnasi4g@etsy.com,Male,214.21.255.189
162,Percival,McGairl,pmcgairl4h@mtv.com,Male,26.228.152.250
163,Adoree,Bartoli,abartoli4i@guardian.co.uk,Female,25.133.225.162
164,Nerte,Dobney,ndobney4j@tumblr.com,Female,107.230.29.178
165,Corine,Puig,cpuig4k@com.com,Female,63.130.252.220
166,Mozelle,MacGillicuddy,mmacgillicuddy4l@techcrunch.com,Female,87.4.104.161
167,Virgilio,Gidney,vgidney4m@shinystat.com,Male,149.117.95.176
168,Alana,Marrion,amarrion4n@guardian.co.uk,Female,50.124.37.219
169,Allard,Eckersall,aeckersall4o@google.co.jp,Male,183.8.204.164
170,Astra,Bengal,abengal4p@sciencedirect.com,Female,104.223.69.82
171,Timi,Clissold,tclissold4q@ning.com,Female,24.217.194.113
172,Aluin,Boggs,aboggs4r@trellian.com,Male,64.76.137.221
173,Ariel,Davidovics,adavidovics4s@abc.net.au,Female,128.218.201.9
174,Car,Wattins,cwattins4t@irs.gov,Male,193.177.22.254
175,Wilfrid,Dimock,wdimock4u@lulu.com,Male,122.184.188.17
176,Deb,Doman,ddoman4v@shop-pro.jp,Female,122.68.54.24
177,Kylie,Milkins,kmilkins4w@odnoklassniki.ru,Male,101.218.1.33
178,Agnola,Chesnut,achesnut4x@virginia.edu,Female,43.73.157.12
179,Donnell,O'Luby,doluby4y@yale.edu,Male,15.254.134.162
180,Carleen,Lawdham,clawdham4z@amazon.co.jp,Female,248.133.212.151
181,Vinnie,Fritchly,vfritchly50@hostgator.com,Male,251.193.48.94
182,Aaren,Van der Mark,avandermark51@delicious.com,Female,167.5.161.5
183,Emanuel,Atcheson,eatcheson52@state.tx.us,Male,183.212.65.15
184,Arleyne,Noe,anoe53@jigsy.com,Female,227.197.225.166
185,Martie,Josskowitz,mjosskowitz54@nifty.com,Male,204.132.212.232
186,Bryan,Brand-Hardy,bbrandhardy55@pen.io,Male,81.172.181.151
187,Leigha,Rabb,lrabb56@adobe.com,Female,105.236.125.155
188,Glenn,Murname,gmurname57@admin.ch,Female,250.108.227.7
189,Jackqueline,Bugg,jbugg58@nifty.com,Female,105.151.23.11
190,Levey,Cristofari,lcristofari59@wsj.com,Male,83.3.255.251
191,Jared,Banham,jbanham5a@constantcontact.com,Male,167.224.101.28
192,Lora,Berndt,lberndt5b@fastcompany.com,Female,107.63.28.233
193,Hal,Keyzor,hkeyzor5c@blogs.com,Male,254.209.84.142
194,Ludwig,Goucher,lgoucher5d@gizmodo.com,Male,53.159.40.204
195,Homer,Iorio,hiorio5e@de.vu,Male,210.114.14.207
196,Pandora,Diddams,pdiddams5f@apache.org,Female,84.186.180.149
197,Sarette,Bowers,sbowers5g@youku.com,Female,23.12.60.71
198,Raffaello,Pendred,rpendred5h@omniture.com,Male,12.108.22.181
199,Peadar,Winsley,pwinsley5i@scientificamerican.com,Male,230.14.218.194
200,Otes,Umbers,oumbers5j@networkadvertising.org,Male,118.225.124.254
201,Simmonds,Lynett,slynett5k@twitter.com,Male,96.208.157.72
202,Delbert,Polak,dpolak5l@purevolume.com,Male,7.22.5.123
203,Cleve,Joysey,cjoysey5m@ted.com,Male,134.74.74.57
204,Billy,McCard,bmccard5n@npr.org,Male,144.172.53.54
205,Herman,Fright,hfright5o@apple.com,Male,250.190.122.234
206,Myrvyn,MacCumeskey,mmaccumeskey5p@tripod.com,Male,85.153.51.83
207,Gabriel,Robart,grobart5q@com.com,Male,174.156.11.40
208,Vincents,Jedrzejewicz,vjedrzejewicz5r@instagram.com,Male,180.113.147.93
209,Price,Dunthorn,pdunthorn5s@tripadvisor.com,Male,197.29.117.97
210,Frederica,Mc Ilory,fmcilory5t@upenn.edu,Female,55.188.93.1
211,Katalin,Paoletto,kpaoletto5u@scribd.com,Female,122.132.237.233
212,Gottfried,Cowton,gcowton5v@cnbc.com,Male,54.146.245.184
213,Susan,Meysham,smeysham5w@indiegogo.com,Female,155.149.203.14
214,Marcella,Tweedie,mtweedie5x@google.com.br,Female,172.142.113.230
215,Cassie,Powter,cpowter5y@cbsnews.com,Male,175.29.93.53
216,Bel,Padgett,bpadgett5z@goo.gl,Female,231.132.174.63
217,Guthrey,Crowcombe,gcrowcombe60@ed.gov,Male,242.150.190.1
218,Sisely,Dunlop,sdunlop61@fastcompany.com,Female,100.91.11.63
219,Rochette,Chappelle,rchappelle62@examiner.com,Female,228.192.223.207
220,Atlante,Jordeson,ajordeson63@noaa.gov,Female,31.234.135.25
221,Ariana,Ivashchenko,aivashchenko64@hexun.com,Female,50.63.88.223
222,Jan,Hodgon,jhodgon65@flickr.com,Male,88.151.216.43
223,Daniella,Fitzackerley,dfitzackerley66@walmart.com,Female,14.229.104.40
224,Jena,Bru,jbru67@pinterest.com,Female,175.147.41.254
225,Tammi,Ondrousek,tondrousek68@studiopress.com,Female,222.56.199.93
226,Keelia,Brennan,kbrennan69@google.it,Female,129.77.83.1
227,Regina,MacDiarmond,rmacdiarmond6a@skyrock.com,Female,96.42.245.123
228,Gunter,O'Cassidy,gocassidy6b@opensource.org,Male,162.218.227.37
229,Modesta,Chaster,mchaster6c@about.me,Female,164.91.179.12
230,Melvyn,Ambrogini,mambrogini6d@webeden.co.uk,Male,73.198.186.178
231,Brietta,Adolphine,badolphine6e@people.com.cn,Female,196.112.110.96
232,Kimberley,Lowndes,klowndes6f@bloomberg.com,Female,69.248.64.172
233,Bertha,Dorken,bdorken6g@rambler.ru,Female,86.142.158.119
234,Arch,Askham,aaskham6h@godaddy.com,Male,216.41.92.27
235,Genevra,Dugdale,gdugdale6i@fda.gov,Female,210.69.80.19
236,Wallis,Chiese,wchiese6j@webmd.com,Male,248.121.10.49
237,Cozmo,Bernardelli,cbernardelli6k@cdbaby.com,Male,40.85.77.161
238,Roger,Aveson,raveson6l@wufoo.com,Male,189.241.64.232
239,Errol,Budget,ebudget6m@google.de,Male,18.32.171.244
240,Simeon,Wrinch,swrinch6n@fda.gov,Male,111.196.2.8
241,Yorgos,Falconer,yfalconer6o@technorati.com,Male,103.185.218.80
242,Spense,Oldale,soldale6p@prlog.org,Male,210.186.116.105
243,Cal,Allix,callix6q@surveymonkey.com,Female,74.217.171.227
244,Moll,Manion,mmanion6r@techcrunch.com,Female,113.50.40.247
245,Regine,Bowbrick,rbowbrick6s@cam.ac.uk,Female,220.14.47.149
246,Tait,Liffey,tliffey6t@istockphoto.com,Male,153.196.208.106
247,Lanny,Athey,lathey6u@pcworld.com,Male,10.218.230.156
248,Mischa,Trevor,mtrevor6v@adobe.com,Male,103.107.203.216
249,Nigel,Silly,nsilly6w@nih.gov,Male,100.219.30.109
250,Clareta,Tanti,ctanti6x@scribd.com,Female,117.223.249.155
